0,21.814453125
1,13.1972384764
2,10.1238566506
3,5.94783925481
4,-0.825507159054
5,-9.8376575021
6,-18.593907949
7,-23.8018652472
8,-23.8790155371
9,-20.7210434796
10,-17.1024655431
11,-15.6516220353
12,-16.5331559337
13,-17.8397138911
14,-18.6310491005
15,-18.9365467414
16,-19.2705037308
17,-19.9123810232
18,-20.6029049126
19,-21.2533874091
20,-21.9102809682
21,-22.4278644858
22,-23.0787020459
23,-24.0922839298
24,-25.2599905267
25,-26.1703850821
26,-26.4420052737
27,-26.1887538564
28,-26.2827665658
29,-27.1571507413
30,-28.4621259915
31,-29.4630266863
32,-30.1052253392
33,-30.7662031809
34,-31.6639881396
35,-32.6203891578
36,-33.2692673334
37,-33.468482134
38,-33.3300440788
39,-33.0843049363
40,-32.8684716366
41,-32.6748902433
42,-32.6000401568
43,-32.7487377417
44,-33.0630638754
45,-33.3284713883
46,-33.1827687971
47,-32.572456984
48,-31.8066998429
49,-31.189750229
50,-31.484911354
51,-33.0465125104
52,-35.6855313971
53,-38.7419482957
54,-41.4809165482
55,-44.1442520457
56,-46.6284702897
57,-48.8133433502
58,-50.6410747569
59,-52.0347754068
60,-52.8034708871
61,-53.0117842899
62,-52.8835407719
63,-52.7086939894
64,-52.7801938011
65,-53.0277471782
66,-52.8286737774
67,-51.918454048
68,-50.5412741878
69,-48.8183305354
70,-47.5088797663
71,-47.421431873
72,-48.672754565
73,-50.7279924383
74,-52.6801654828
75,-53.7559746529
76,-53.9956018265
77,-53.797171082
78,-53.4519229556
79,-53.3664279848
80,-53.8965424776
81,-55.1413113047
82,-57.0466006175
83,-59.0371931792
84,-59.9696389685
85,-59.5072143579
86,-58.3106160173
87,-57.3646479306
88,-56.7840909212
89,-56.5108835068
90,-56.3942994289
91,-56.3010324451
92,-56.108347537
93,-55.8428466454
94,-55.6789136163
95,-55.8102952567
96,-56.3817470172
97,-57.5280486829
98,-59.1672594284
99,-61.2215822735
100,-63.3521489069
101,-65.1831401196
102,-66.5105683816
103,-67.1966529232
104,-67.4797977756
105,-67.7608944058
106,-68.2316958888
107,-69.0753579534
108,-70.2129501426
109,-71.330668831
110,-72.0396372006
111,-72.3520583413
112,-72.572450363
113,-72.9174863883
114,-73.4187985143
115,-74.1297102299
116,-75.1360358763
117,-76.2824563225
118,-77.1798601614
119,-77.2662101363
120,-76.2721902527
121,-75.2271436479
122,-75.2121834688
123,-76.7771444973
124,-79.7476725808
125,-83.108442182
126,-85.7435423112
127,-87.1530307761
128,-87.3091726132
129,-87.0738589751
130,-87.3799303557
131,-88.3888701283
132,-89.3577286007
133,-89.8408369274
134,-90.1245720728
135,-90.7708824265
136,-92.0208455921
137,-93.7048443388
138,-95.6226408472
139,-97.375344639
140,-98.6215865807
141,-99.2718262746
142,-99.5164202151
143,-99.5386292814
144,-99.3371469801
145,-99.0284186029
146,-98.7246992929
147,-98.5375055415
148,-98.295696178
149,-98.4097717312
150,-99.3902627937
151,-100.865165544
152,-101.712243419
153,-101.17413905
154,-99.8078918948
155,-98.9573537701
156,-99.4063555442
157,-100.805462938
158,-102.446389635
159,-103.741337555
160,-104.408186061
161,-104.50454343
162,-104.188181878
163,-103.820162276
164,-103.81981552
165,-104.394468009
166,-105.509936602
167,-107.031227571
168,-108.612480455
169,-109.957974424
170,-110.97071797
171,-111.896705134
172,-113.289786864
173,-115.374796954
174,-117.637032508
175,-118.937147317
176,-118.486165992
177,-117.209512462
178,-116.17422816
179,-116.063126954
180,-116.710461067
181,-116.515923005
182,-114.743076751
183,-111.057288822
184,-106.552905565
185,-103.071846147
186,-101.49161373
187,-103.36221848
188,-108.888377566
189,-116.041431233
190,-121.908108025
191,-124.37354618
192,-124.444567024
193,-125.283024899
194,-128.278596904
195,-131.966440664
196,-134.594939676
197,-135.949154024
198,-136.744289045
199,-136.669782117
200,-134.656725036
201,-130.86039098
202,-127.234226779
203,-126.81929357
204,-130.790112639
205,-136.515442574
206,-141.317637873
207,-144.000356941
208,-144.890085726
209,-144.906006318
210,-144.368818756
211,-143.401945998
212,-142.369685635
213,-141.733629267
214,-141.605992719
215,-141.576393899
216,-141.669850587
217,-142.731021016
218,-145.673760633
219,-150.817919935
220,-156.835703579
221,-163.00161143
222,-170.40809
223,-181.131729618
224,-197.647691546
225,-222.453550767
226,-255.853304067
227,-296.504339728
228,-342.835663594
229,-390.695312682
230,-436.331178731
231,-477.693274525
232,-510.30959942
233,-541.365048746
234,-584.642495019
235,-649.466451524
236,-740.952341161
237,-855.378999788
238,-963.866945535
239,-1047.45760172
240,-1105.78058229
241,-1152.12131681
242,-1194.14272777
243,-1234.46365148
244,-1273.33626004
245,-1308.90933796
246,-1341.0201447
247,-1370.21954725
248,-1394.88881377
249,-1416.91256073
250,-1439.58502669
251,-1466.10445871
252,-1496.58289246
253,-1527.97465177
254,-1556.98196038
255,-1582.43856362
256,-1606.96781106
257,-1631.47504915
258,-1655.54003695
259,-1677.888829
260,-1697.42713619
261,-1714.70538006
262,-1729.82719591
263,-1743.06758648
264,-1753.69026044
265,-1760.57690247
266,-1764.44073559
267,-1767.26038759
268,-1771.68950427
269,-1779.45949039
270,-1790.63530967
271,-1806.97626511
272,-1828.75547481
273,-1854.05909255
274,-1882.21319691
275,-1913.99080694
276,-1946.39246295
277,-1976.56365372
278,-2002.21342005
279,-2023.80004083
280,-2043.09693494
281,-2061.5491505
282,-2079.20062663
283,-2094.30494473
284,-2105.04184896
285,-2113.38478106
286,-2121.97440162
287,-2130.97004019
288,-2136.8552652
289,-2136.24845497
290,-2129.53698948
291,-2120.09945288
292,-2112.70359322
293,-2109.17300984
294,-2109.13642625
295,-2112.61077363
296,-2118.61379979
297,-2126.91356736
298,-2137.87077445
299,-2149.62606719
300,-2162.15670189
301,-2176.69498682
302,-2192.19869577
303,-2204.49786886
304,-2208.71132929
305,-2206.25997365
306,-2204.92168231
307,-2209.08688641
308,-2212.88193121
309,-2212.91639021
310,-2211.06056844
311,-2215.38020058
312,-2236.79711696
313,-2276.38116859
314,-2327.46250452
315,-2375.13914125
316,-2400.71119593
317,-2400.54771403
318,-2385.14379306
319,-2370.63570076
320,-2367.19551196
321,-2372.77314931
322,-2378.23649024
323,-2378.37524537
324,-2370.75189356
325,-2358.2558794
326,-2346.6815088
327,-2339.26412159
328,-2337.87864184
329,-2339.18292967
330,-2340.6479629
331,-2342.82021225
332,-2345.71381672
333,-2350.069941
334,-2356.90961528
335,-2366.17310869
336,-2376.31648767
337,-2384.75389108
338,-2390.72524901
339,-2394.85025095
340,-2397.33131155
341,-2399.6401331
342,-2402.32822069
343,-2404.63487382
344,-2405.32767591
345,-2403.45811728
346,-2402.72384575
347,-2406.71509306
348,-2416.58034516
349,-2431.15796962
350,-2448.04508387
351,-2463.32895592
352,-2473.67678228
353,-2478.20260593
354,-2478.36044198
355,-2476.83135842
356,-2475.61752792
357,-2474.44690593
358,-2472.91674234
359,-2467.99736883
360,-2460.57314037
361,-2454.32893881
362,-2453.23197961
363,-2458.15985321
364,-2467.00830908
365,-2477.64413098
366,-2489.18387472
367,-2502.79589101
368,-2517.28572906
369,-2531.15857789
370,-2542.99113495
371,-2552.24125601
372,-2559.03496022
373,-2563.89454809
374,-2568.12825433
375,-2572.34380397
376,-2576.17850787
377,-2579.75419328
378,-2582.58346373
379,-2584.96110885
380,-2588.43832299
381,-2594.59028995
382,-2604.2148196
383,-2616.18548671
384,-2625.21137308
385,-2628.42120991
386,-2627.52640915
387,-2627.35184685
388,-2630.44453712
389,-2636.69157653
390,-2643.53521813
391,-2646.42861836
392,-2641.88097527
393,-2633.5572122
394,-2630.32775947
395,-2635.80582435
396,-2645.76182369
397,-2653.68090932
398,-2657.38381701
399,-2658.82673061
400,-2659.71186914
401,-2658.86352205
402,-2653.37385278
403,-2644.12922468
404,-2634.35474723
405,-2629.11044804
406,-2633.93987184
407,-2649.20587599
408,-2668.55841223
409,-2681.58633154
410,-2681.02986591
411,-2671.10016689
412,-2659.59489419
413,-2652.09906045
414,-2650.43802291
415,-2652.37999776
416,-2654.76291464
417,-2655.47234586
418,-2654.78320747
419,-2655.13915393
420,-2657.72701568
421,-2661.93517708
422,-2667.14346205
423,-2672.09811762
424,-2675.61755162
425,-2677.47452378
426,-2676.71459001
427,-2674.23706931
428,-2670.53314227
429,-2665.6483463
430,-2661.64085803
431,-2663.23231342
432,-2672.41257246
433,-2686.04551585
434,-2696.75269042
435,-2700.05305327
436,-2699.36603658
437,-2701.18058872
438,-2707.47406989
439,-2714.63986818
440,-2719.9059292
441,-2722.86593927
442,-2726.34990517
443,-2731.18294216
444,-2736.04033497
445,-2739.71213857
446,-2741.05393455
447,-2739.84919406
448,-2738.20399364
449,-2738.34048732
450,-2740.2704055
451,-2741.84721423
452,-2738.15773024
453,-2729.30415129
454,-2720.75380352
455,-2716.18436814
456,-2716.36334688
457,-2719.2099161
458,-2722.17218888
459,-2725.2237353
460,-2728.85052675
461,-2733.45787334
462,-2739.13743774
463,-2744.74746186
464,-2747.85023606
465,-2749.02776114
466,-2752.17871534
467,-2762.9239834
468,-2780.81581
469,-2795.28743403
470,-2799.24754903
471,-2794.15471049
472,-2786.76122847
473,-2782.71897815
474,-2783.02875214
475,-2785.94895266
476,-2788.7178572
477,-2788.81936834
478,-2786.40158017
479,-2785.06731551
480,-2786.63611857
481,-2790.86668158
482,-2795.14445068
483,-2797.85024137
484,-2799.80448616
485,-2802.05841443
486,-2804.7390815
487,-2807.7699794
488,-2811.17165791
489,-2815.07284118
490,-2819.78280791
491,-2824.23213769
492,-2827.60146795
493,-2830.12501807
494,-2832.9001707
495,-2837.70490205
496,-2843.75988699
497,-2848.42166198
498,-2850.67007953
499,-2851.2474357
500,-2850.18526914
501,-2847.50203468
502,-2844.08346091
503,-2840.57560301
504,-2837.91682919
505,-2835.26544595
506,-2832.33027924
507,-2831.39608544
508,-2834.18689946
509,-2841.33551625
510,-2853.39242095
511,-2868.57703303
512,-2883.93479261
513,-2897.56541035
514,-2909.00293408
515,-2919.66500911
516,-2932.57847632
517,-2947.41953819
518,-2962.99668202
519,-2977.41405906
520,-2988.53277983
521,-2999.16311417
522,-3011.1076559
523,-3022.28761131
524,-3029.87388244
525,-3031.81124023
526,-3027.44999251
527,-3018.57884579
528,-3006.42988433
529,-2989.82489064
530,-2971.53488949
531,-2954.41280173
532,-2939.2407595
533,-2927.49396257
534,-2917.10151142
535,-2907.08368883
536,-2897.46040121
537,-2887.7433668
538,-2879.59054784
539,-2873.66755313
540,-2869.327977
541,-2866.27642369
542,-2863.22379089
543,-2861.26694873
544,-2861.71711198
545,-2863.68564298
546,-2865.1064906
547,-2863.32352061
548,-2855.66913941
549,-2841.0352501
550,-2822.29174069
551,-2806.05648237
552,-2798.95563951
553,-2797.71433812
554,-2794.73832438
555,-2785.77321207
556,-2772.08319842
557,-2759.74028088
558,-2750.37226469
559,-2743.96569677
560,-2740.47409999
561,-2739.16200329
562,-2739.3724806
563,-2743.9452456
564,-2752.85218092
565,-2763.89241367
566,-2774.59192641
567,-2780.91345538
568,-2782.19503075
569,-2781.30875709
570,-2782.68396724
571,-2792.91022266
572,-2814.71815175
573,-2848.69849156
574,-2893.84673813
575,-2945.45982638
576,-3001.89712229
577,-3059.98262523
578,-3102.09990411
579,-3112.40575721
580,-3087.85035739
581,-3037.66512961
582,-2982.7960801
583,-2937.90901327
584,-2905.0453838
585,-2882.99515451
586,-2866.66722718
587,-2851.63646364
588,-2836.34428123
589,-2821.47114962
590,-2808.20582789
591,-2797.76329775
592,-2791.72357541
593,-2789.68860191
594,-2790.36297674
595,-2792.73380169
596,-2794.71350116
597,-2795.95241888
598,-2796.94485507
599,-2798.71558547
600,-2801.68504624
601,-2805.98289349
602,-2811.9700803
603,-2820.08968335
604,-2830.92507517
605,-2845.5681633
606,-2862.38950147
607,-2879.33887749
608,-2894.62751034
609,-2907.72775013
610,-2921.03878385
611,-2934.56284805
612,-2947.21912578
613,-2957.67894301
614,-2965.1606887
615,-2970.18314798
616,-2973.36961944
617,-2974.1229768
618,-2971.29211318
619,-2963.58770719
620,-2953.22415717
621,-2944.1518767
622,-2939.77232998
623,-2938.7289286
624,-2936.48603231
625,-2931.31634615
626,-2923.0348739
627,-2914.37806626
628,-2907.42372842
629,-2901.93334074
630,-2899.64474335
631,-2900.61282287
632,-2905.35980218
633,-2914.68969713
634,-2928.20580998
635,-2945.69615733
636,-2966.89049243
637,-2990.68671074
638,-3018.44132837
639,-3049.38069139
640,-3080.53887829
641,-3109.94005862
642,-3136.03913739
643,-3158.46964935
644,-3175.73370174
645,-3186.08303518
646,-3188.97317995
647,-3186.2353384
648,-3179.74593654
649,-3173.5534599
650,-3170.43093024
651,-3171.32867351
652,-3175.39736451
653,-3182.94418336
654,-3194.20435449
655,-3208.07689069
656,-3222.62565056
657,-3236.79834338
658,-3251.66140809
659,-3268.75923777
660,-3288.44367293
661,-3309.74102243
662,-3330.65925121
663,-3352.34141012
664,-3376.72220478
665,-3405.49011027
666,-3440.02916967
667,-3480.5707206
668,-3525.68648263
669,-3573.70393802
670,-3621.86031473
671,-3669.15285605
672,-3717.07512229
673,-3762.15594864
674,-3801.74052416
675,-3834.57995291
676,-3861.04229494
677,-3882.33990795
678,-3899.578686
679,-3913.54101699
680,-3925.60010704
681,-3935.49722726
682,-3943.1332474
683,-3947.91594276
684,-3948.97944657
685,-3946.26134059
686,-3938.73272487
687,-3928.12857192
688,-3916.32236785
689,-3905.34554595
690,-3895.53614724
691,-3885.84889012
692,-3876.48829982
693,-3867.54142324
694,-3859.73581097
695,-3854.39074965
696,-3851.7579546
697,-3851.14973955
698,-3851.3059623
699,-3851.06752686
700,-3851.0214101
701,-3851.67419145
702,-3852.56627108
703,-3853.02300998
704,-3852.02468115
705,-3848.36275139
706,-3841.57257022
707,-3831.82994717
708,-3819.94924636
709,-3807.07471401
710,-3793.50387109
711,-3780.81966776
712,-3770.69018271
713,-3763.96752939
714,-3760.38982177
715,-3762.03181068
716,-3768.607046
717,-3778.35752539
718,-3788.69867939
719,-3798.73163661
720,-3808.53694788
721,-3817.9259684
722,-3826.76757692
723,-3834.76131012
724,-3842.37344213
725,-3849.98475421
726,-3857.54460751
727,-3864.7586569
728,-3870.98898382
729,-3875.50414815
730,-3878.72133363
731,-3881.34154025
732,-3884.38366601
733,-3889.43414456
734,-3897.63292128
735,-3909.17459721
736,-3923.89803142
737,-3940.76660039
738,-3958.57946424
739,-3978.51127605
740,-4000.99364062
741,-4024.03821841
742,-4045.6005385
743,-4063.66037959
744,-4077.47601862
745,-4087.72854899
746,-4095.12525739
747,-4101.01535028
748,-4104.65467755
749,-4108.25979537
750,-4115.95195686
751,-4127.7420278
752,-4141.34482956
753,-4152.60204696
754,-4156.64159403
755,-4152.77230626
756,-4140.22932515
757,-4118.6028341
758,-4088.96553764
759,-4053.55292007
760,-4012.06723632
761,-3970.50798116
762,-3934.8363184
763,-3908.7403165
764,-3892.05684094
765,-3880.06977612
766,-3868.19340531
767,-3855.77388888
768,-3843.49685552
769,-3832.49320144
770,-3823.55167051
771,-3817.09539191
772,-3812.98005591
773,-3810.40514948
774,-3807.9241209
775,-3804.37704191
776,-3799.45807094
777,-3793.86088181
778,-3788.76955225
779,-3784.5599534
780,-3780.70116597
781,-3777.17108585
782,-3773.96710994
783,-3770.34279148
784,-3765.98119188
785,-3759.82603562
786,-3752.04248296
787,-3744.03218363
788,-3736.12944526
789,-3728.30440088
790,-3720.49455193
791,-3711.81417095
792,-3703.37113679
793,-3696.60238694
794,-3692.10572716
795,-3689.49630863
796,-3687.86540515
797,-3686.32801497
798,-3684.55203699
799,-3683.12550195
800,-3683.50524644
801,-3686.33227949
802,-3691.05444033
803,-3695.98392774
804,-3698.28887552
805,-3696.16748767
806,-3691.17600969
807,-3685.84525784
808,-3682.25680549
809,-3681.39410241
810,-3683.50829201
811,-3687.53515908
812,-3692.015067
813,-3695.87092332
814,-3698.67827369
815,-3700.57211386
816,-3703.34952047
817,-3708.73386017
818,-3717.47265903
819,-3729.34056084
820,-3743.95490226
821,-3762.28748385
822,-3783.35041113
823,-3804.93860472
824,-3825.02972041
825,-3843.53398979
826,-3862.48114357
827,-3881.09615114
828,-3895.30555681
829,-3900.08813287
830,-3893.93319245
831,-3879.64058152
832,-3862.10840864
833,-3844.76371986
834,-3827.15294617
835,-3809.16382903
836,-3790.97783156
837,-3773.66745098
838,-3757.98494042
839,-3743.14094441
840,-3728.98137409
841,-3715.02353676
842,-3701.40912708
843,-3688.99261125
844,-3678.70669247
845,-3670.61325849
846,-3663.39674721
847,-3656.1497733
848,-3648.59029423
849,-3640.71335841
850,-3632.89778329
851,-3626.19187045
852,-3621.09367947
853,-3616.12327691
854,-3608.88570293
855,-3598.00115169
856,-3582.29036621
857,-3562.3584244
858,-3540.22411517
859,-3518.09983321
860,-3498.45519522
861,-3480.49070382
862,-3463.65123739
863,-3452.04097153
864,-3447.48861167
865,-3449.53906905
866,-3456.82045207
867,-3465.45518642
868,-3471.56277255
869,-3472.83545635
870,-3469.54974508
871,-3465.37786179
872,-3464.39232912
873,-3465.96487506
874,-3468.36223101
875,-3469.06546167
876,-3465.1558516
877,-3455.1645473
878,-3441.6065204
879,-3428.54692081
880,-3419.65761384
881,-3416.51500757
882,-3417.90206374
883,-3423.21848763
884,-3432.62902511
885,-3446.65649912
886,-3465.19391959
887,-3487.95104079
888,-3512.58453371
889,-3537.33237264
890,-3562.59265549
891,-3590.56909926
892,-3625.53659001
893,-3667.95914063
894,-3714.8993555
895,-3760.50002412
896,-3800.10108158
897,-3837.7280518
898,-3874.17232429
899,-3908.25570173
900,-3936.91515061
901,-3956.78765
902,-3968.16203031
903,-3973.7789797
904,-3976.60452359
905,-3979.18414664
906,-3980.51635694
907,-3978.78449443
908,-3975.02892681
909,-3971.41001866
910,-3970.79723145
911,-3971.72992412
912,-3971.96018287
913,-3971.46547691
914,-3972.31230156
915,-3978.05623521
916,-3989.41810562
917,-4001.37601466
918,-4007.5659623
919,-4007.00289221
920,-4003.55283217
921,-4000.2471715
922,-3999.11412255
923,-4000.02410501
924,-4002.40518536
925,-4005.8473621
926,-4010.86051377
927,-4016.15550353
928,-4018.30128935
929,-4013.86804005
930,-3999.35125958
931,-3972.60554438
932,-3934.0578452
933,-3885.83351141
934,-3831.0172402
935,-3767.82148232
936,-3693.69998051
937,-3608.37668215
938,-3519.15558012
939,-3436.63191128
940,-3366.86729463
941,-3312.23198473
942,-3272.60380234
943,-3248.4924504
944,-3234.89339372
945,-3229.19826858
946,-3233.03119596
947,-3251.86408914
948,-3290.65981711
949,-3351.72284956
950,-3427.95528963
951,-3515.95669118
952,-3610.46241429
953,-3698.53596833
954,-3775.75560735
955,-3842.99531497
956,-3897.75008119
957,-3940.37056954
958,-3977.68125539
959,-4017.64350298
960,-4060.62195084
961,-4098.0733344
962,-4113.43068919
963,-4103.11079714
964,-4080.66944034
965,-4057.39298972
966,-4043.48063627
967,-4041.4058015
968,-4046.47628345
969,-4057.30354898
970,-4069.11091549
971,-4076.82089201
972,-4081.59149544
973,-4081.5843123
974,-4079.18641647
975,-4073.48652922
976,-4060.37719425
977,-4037.36454595
978,-4007.15961091
979,-3971.7968889
980,-3937.64188453
981,-3905.26491882
982,-3876.67641804
983,-3854.53126814
984,-3839.51509637
985,-3830.04681351
986,-3821.9094048
987,-3811.89395361
988,-3798.57657009
989,-3783.23193356
990,-3768.28990965
991,-3756.67857193
992,-3750.35679046
993,-3749.08908882
994,-3751.33961326
995,-3755.4674466
996,-3760.19229068
997,-3763.73260769
998,-3765.73367587
999,-3766.18383429
1000,-3765.01788499
1001,-3762.21434569
1002,-3758.07995404
1003,-3752.23881911
1004,-3744.85814201
1005,-3736.07471679
1006,-3725.81761995
1007,-3714.09064214
1008,-3700.34539884
1009,-3684.99298327
1010,-3669.00142985
1011,-3653.87126533
1012,-3640.65236065
1013,-3629.89790129
1014,-3622.70455427
1015,-3619.15381028
1016,-3619.40493741
1017,-3622.41483532
1018,-3627.37902385
1019,-3634.43803748
1020,-3644.17799795
1021,-3657.33278506
1022,-3672.04192552
1023,-3684.74562313
1024,-3693.83027801
1025,-3700.56072252
1026,-3707.36351896
1027,-3713.61918888
1028,-3715.82963414
1029,-3713.57767516
1030,-3707.98779169
1031,-3698.57890503
1032,-3687.41106989
1033,-3674.23908072
1034,-3661.90033954
1035,-3654.13954599
1036,-3649.7582595
1037,-3648.61966347
1038,-3650.37130246
1039,-3653.38277089
1040,-3657.28788334
1041,-3663.60208432
1042,-3673.53579504
1043,-3685.90423996
1044,-3698.16371251
1045,-3707.15618917
1046,-3712.10978659
1047,-3714.56324255
1048,-3715.4088794
1049,-3716.98920246
1050,-3719.8487295
1051,-3723.48838183
1052,-3727.29334717
1053,-3730.86094491
1054,-3734.12386345
1055,-3736.3429695
1056,-3735.62080591
1057,-3732.48469741
1058,-3729.41614123
1059,-3728.95218362
1060,-3731.59757948
1061,-3737.43962218
1062,-3747.38130242
1063,-3762.88539782
1064,-3785.4237234
1065,-3815.86907259
1066,-3855.15231374
1067,-3900.48848408
1068,-3947.74963367
1069,-3993.553622
1070,-4038.99489375
1071,-4084.44421933
1072,-4130.70995073
1073,-4176.92320381
1074,-4221.53628941
1075,-4265.23287713
1076,-4308.52633956
1077,-4349.91057669
1078,-4387.07243485
1079,-4417.96148755
1080,-4443.25685302
1081,-4463.78000691
1082,-4478.69686374
1083,-4487.07542588
1084,-4487.76216821
1085,-4481.6810142
1086,-4472.70809635
1087,-4466.17135775
1088,-4467.66194873
1089,-4479.67945113
1090,-4500.69811112
1091,-4526.76759882
1092,-4552.80292065
1093,-4575.52445406
1094,-4594.16554659
1095,-4607.15974187
1096,-4613.98971631
1097,-4612.75296234
1098,-4600.83272421
1099,-4577.20705252
1100,-4547.60646683
1101,-4527.29980768
1102,-4525.87147365
1103,-4541.4309739
1104,-4565.02390731
1105,-4588.74097771
1106,-4605.77476779
1107,-4614.7636238
1108,-4620.64480972
1109,-4629.8389951
1110,-4639.91416077
1111,-4649.13492194
1112,-4655.4179185
1113,-4658.90433144
1114,-4663.69485141
1115,-4666.72469265
1116,-4664.79412542
1117,-4655.95293692
1118,-4640.37229817
1119,-4621.4697682
1120,-4601.38535231
1121,-4579.2463296
1122,-4551.47070168
1123,-4509.21675552
1124,-4452.63016625
1125,-4390.03770994
1126,-4329.78583884
1127,-4281.22016609
1128,-4243.67913707
1129,-4214.43411459
1130,-4192.05785899
1131,-4173.160224
1132,-4154.49046145
1133,-4137.79410034
1134,-4123.3926656
1135,-4113.41378799
1136,-4109.1119682
1137,-4109.81884893
1138,-4115.24948875
1139,-4123.96439907
1140,-4133.59520336
1141,-4141.51207461
1142,-4146.05405104
1143,-4148.09273811
1144,-4145.59628349
1145,-4138.75643407
1146,-4128.4626198
1147,-4115.93283644
1148,-4102.14574504
1149,-4085.58080461
1150,-4068.61735181
1151,-4054.6888054
1152,-4045.50471014
1153,-4041.79522626
1154,-4043.24438879
1155,-4049.30525399
1156,-4059.68101601
1157,-4071.39545596
1158,-4081.35249497
1159,-4088.25445696
1160,-4101.79343988
1161,-4143.09631461
1162,-4233.67004427
1163,-4373.80089585
1164,-4537.43997724
1165,-4686.57505486
1166,-4792.48930954
1167,-4848.96915292
1168,-4867.79631671
1169,-4871.12909912
1170,-4874.72149031
1171,-4882.46201099
1172,-4885.26878025
1173,-4878.98964662
1174,-4863.10880541
1175,-4840.61470953
1176,-4814.11903718
1177,-4783.61767061
1178,-4750.63952109
1179,-4717.65481028
1180,-4687.52637238
1181,-4660.68665846
1182,-4637.04778175
1183,-4618.04948389
1184,-4604.05828723
1185,-4595.08218759
1186,-4590.74656227
1187,-4589.65571837
1188,-4590.13126477
1189,-4590.17049515
1190,-4588.47901643
1191,-4585.27596761
1192,-4579.95543317
1193,-4571.47218103
1194,-4559.43538137
1195,-4544.276645
1196,-4526.24293142
1197,-4506.33143518
1198,-4485.30572299
1199,-4465.25438316
1200,-4448.14021982
1201,-4434.79248602
1202,-4425.29623914
1203,-4418.62510445
1204,-4414.31552074
1205,-4412.37876325
1206,-4412.01787167
1207,-4412.1416329
1208,-4410.72235586
1209,-4407.92549607
1210,-4405.28263986
1211,-4404.37462234
1212,-4407.64276207
1213,-4415.95444474
1214,-4428.88963218
1215,-4445.97124417
1216,-4465.65386092
1217,-4487.16576309
1218,-4509.27040694
1219,-4530.9707297
1220,-4553.16450026
1221,-4573.93736629
1222,-4593.21884005
1223,-4610.90920627
1224,-4628.8114403
1225,-4649.6966016
1226,-4664.59197307
1227,-4663.51088006
1228,-4646.30545475
1229,-4626.84981473
1230,-4617.88820488
1231,-4620.02697669
1232,-4631.49948647
1233,-4643.99123379
1234,-4649.57039323
1235,-4651.85438682
1236,-4650.94225915
1237,-4650.65332867
1238,-4654.57580193
1239,-4659.6189843
1240,-4669.67717593
1241,-4685.76647683
1242,-4706.35146174
1243,-4731.44643905
1244,-4758.39516041
1245,-4783.32767486
1246,-4803.21262586
1247,-4816.41709514
1248,-4821.22935262
1249,-4817.42789771
1250,-4806.76720046
1251,-4790.41707271
1252,-4769.12539611
1253,-4746.72023186
1254,-4722.4160134
1255,-4687.92042072
1256,-4630.26618929
1257,-4547.45097067
1258,-4449.09303993
1259,-4355.3184767
1260,-4284.44193906
1261,-4239.8285911
1262,-4226.97648325
1263,-4253.21765212
1264,-4308.12471184
1265,-4372.5326661
1266,-4431.96836369
1267,-4482.60829495
1268,-4525.06677445
1269,-4557.45525742
1270,-4578.72456698
1271,-4593.47681529
1272,-4602.59275131
1273,-4608.74862753
1274,-4613.88515603
1275,-4618.02156143
1276,-4621.09416986
1277,-4622.59114354
1278,-4624.29186201
1279,-4627.52578272
1280,-4632.61219161
1281,-4636.96268597
1282,-4640.6910206
1283,-4644.53415403
1284,-4648.65077729
1285,-4652.39021329
1286,-4652.83173478
1287,-4650.24086392
1288,-4645.76850842
1289,-4640.59225774
1290,-4635.47354058
1291,-4628.66595866
1292,-4620.82871368
1293,-4613.0891691
1294,-4606.26020091
1295,-4600.9038403
1296,-4597.49195756
1297,-4595.78170327
1298,-4595.15781077
1299,-4594.57996405
1300,-4593.85656619
1301,-4593.71468322
1302,-4593.27808952
1303,-4591.8490546
1304,-4589.07525109
1305,-4585.93663735
1306,-4581.80261879
1307,-4577.65751791
1308,-4574.09457626
1309,-4571.5151159
1310,-4570.4514598
1311,-4569.89249519
1312,-4569.58664458
1313,-4569.40266872
1314,-4568.93872971
1315,-4568.10723283
1316,-4567.26087041
1317,-4566.04986812
1318,-4563.87845222
1319,-4560.16974691
1320,-4554.61515162
1321,-4547.38206945
1322,-4539.22555708
1323,-4531.03384981
1324,-4522.76810628
1325,-4515.60408351
1326,-4510.17671061
1327,-4506.9575932
1328,-4506.15166025
1329,-4506.69546354
1330,-4508.96685332
1331,-4512.82961736
1332,-4517.8908686
1333,-4524.13196709
1334,-4531.25738664
1335,-4538.65227335
1336,-4545.62505669
1337,-4551.24830721
1338,-4554.67847851
1339,-4555.91023542
1340,-4555.60891206
1341,-4553.96413366
1342,-4550.34418287
1343,-4543.73048087
1344,-4534.59742428
1345,-4524.43015194
1346,-4515.3038288
1347,-4508.34711951
1348,-4503.61603125
1349,-4500.77293136
1350,-4499.86361297
1351,-4500.48450666
1352,-4502.24915583
1353,-4504.52539135
1354,-4506.73478749
1355,-4508.58056007
1356,-4510.06519204
1357,-4511.16899064
1358,-4511.63440654
1359,-4511.45973023
1360,-4509.50224698
1361,-4505.83722204
1362,-4500.76253836
1363,-4494.49101837
1364,-4487.64626006
1365,-4480.29592685
1366,-4472.85033999
1367,-4465.58337201
1368,-4458.52164274
1369,-4451.64042091
1370,-4445.32964776
1371,-4440.07566478
1372,-4436.02571774
1373,-4433.06537252
1374,-4430.70940373
1375,-4428.13536065
1376,-4425.19053856
1377,-4422.27351011
1378,-4420.48769285
1379,-4420.99115703
1380,-4423.14924884
1381,-4428.10644869
1382,-4436.86769957
1383,-4449.14589687
1384,-4464.5873876
1385,-4482.42078915
1386,-4499.571281
1387,-4513.65889495
1388,-4523.43455458
1389,-4528.99613123
1390,-4531.0706019
1391,-4530.52810517
1392,-4528.61142777
1393,-4526.73490906
1394,-4525.32615139
1395,-4524.97537977
1396,-4526.45875644
1397,-4529.87365283
1398,-4534.91147948
1399,-4542.32827344
1400,-4551.51212193
1401,-4560.63601952
1402,-4567.42035561
1403,-4569.51830566
1404,-4567.53796714
1405,-4563.75113047
1406,-4559.78456138
1407,-4556.74930243
1408,-4553.47738997
1409,-4550.99598955
1410,-4551.04451113
1411,-4554.58943953
1412,-4561.71775403
1413,-4571.33719411
1414,-4583.96283495
1415,-4599.11144465
1416,-4614.41973695
1417,-4627.64044546
1418,-4637.67523727
1419,-4644.79812746
1420,-4649.98545304
1421,-4652.83692228
1422,-4651.77960019
1423,-4647.41666985
1424,-4641.27609442
1425,-4635.3622033
1426,-4630.95238489
1427,-4627.31817604
1428,-4624.5114424
1429,-4623.07365885
1430,-4623.23907508
1431,-4624.96510924
1432,-4627.88372951
1433,-4631.39096317
1434,-4635.44514459
1435,-4639.75160848
1436,-4643.86831346
1437,-4647.06189206
1438,-4648.50651644
1439,-4648.40572825
1440,-4646.90666818
1441,-4644.25108048
1442,-4641.21926784
1443,-4638.09341527
1444,-4634.7493117
1445,-4631.56114198
1446,-4629.17583825
1447,-4627.96629208
1448,-4627.82011359
1449,-4627.93951853
1450,-4628.27873651
1451,-4628.64704216
1452,-4629.00107746
1453,-4629.34756899
1454,-4628.89379617
1455,-4627.25945058
1456,-4624.66244469
1457,-4621.58831595
1458,-4618.6906395
1459,-4615.14628452
1460,-4610.41952914
1461,-4604.79622411
1462,-4599.12923449
1463,-4594.24959698
1464,-4589.63833374
1465,-4585.23572208
1466,-4581.44437638
1467,-4579.17276305
1468,-4580.01192671
1469,-4583.45081808
1470,-4588.92968125
1471,-4596.02891719
1472,-4604.9296917
1473,-4617.27966965
1474,-4632.40021176
1475,-4649.40883359
1476,-4666.70341052
1477,-4683.2029853
1478,-4699.07305569
1479,-4714.53478252
1480,-4728.72749086
1481,-4740.88826001
1482,-4749.17516089
1483,-4753.69170918
1484,-4756.23686032
1485,-4757.0048179
1486,-4756.3342421
1487,-4753.22021706
1488,-4747.50387937
1489,-4740.40249031
1490,-4732.10180398
1491,-4723.22074298
1492,-4713.81029216
1493,-4703.29398552
1494,-4691.44602557
1495,-4679.87804628
1496,-4670.78146068
1497,-4665.28127578
1498,-4662.16330955
1499,-4659.75969179
1500,-4658.2272769
1501,-4656.62019547
1502,-4655.26712932
1503,-4655.97134287
1504,-4659.74633973
1505,-4669.12785926
1506,-4681.95367741
1507,-4694.75561544
1508,-4702.77845934
1509,-4704.24909395
1510,-4700.85802732
1511,-4694.42554786
1512,-4691.008259
1513,-4695.9086059
1514,-4707.16595349
1515,-4717.77291102
1516,-4722.91517932
1517,-4723.21782895
1518,-4721.01905572
1519,-4715.92701524
1520,-4708.82266797
1521,-4701.95690435
1522,-4698.80904991
1523,-4699.26141313
1524,-4698.233326
1525,-4691.66910254
1526,-4680.88300732
1527,-4671.39458899
1528,-4665.16663745
1529,-4659.12330419
1530,-4651.81219927
1531,-4644.90691653
1532,-4640.70681075
1533,-4640.70301517
1534,-4644.35767927
1535,-4649.68291299
1536,-4656.30290243
1537,-4662.74555494
1538,-4668.49191969
1539,-4673.77026531
1540,-4679.0178938
1541,-4685.48743465
1542,-4692.79668885
1543,-4699.70849369
1544,-4704.49522916
1545,-4707.65330617
1546,-4711.54235775
1547,-4715.46572908
1548,-4717.65449468
1549,-4716.7292974
1550,-4714.36199635
1551,-4713.42748168
1552,-4714.44034092
1553,-4715.6918568
1554,-4715.39973999
1555,-4713.36210868
1556,-4710.26943466
1557,-4707.7577404
1558,-4707.74776896
1559,-4709.73204445
1560,-4712.36365437
1561,-4714.87458862
1562,-4716.77007995
1563,-4718.35713919
1564,-4720.80576592
1565,-4724.27039161
1566,-4728.07547874
1567,-4730.73927099
1568,-4730.82641063
1569,-4728.78747133
1570,-4725.7831641
1571,-4722.59627709
1572,-4719.4574394
1573,-4715.62915824
1574,-4711.5388368
1575,-4708.45458638
1576,-4706.63357776
1577,-4705.85990903
1578,-4706.18465
1579,-4707.68664904
1580,-4710.36799494
1581,-4713.11017173
1582,-4715.41543937
1583,-4717.34692717
1584,-4719.08249297
1585,-4720.18879149
1586,-4719.91680338
1587,-4717.49446549
1588,-4713.33705064
1589,-4708.66681347
1590,-4705.08043109
1591,-4703.70465715
1592,-4704.8771108
1593,-4707.72916705
1594,-4710.40387646
1595,-4712.51121067
1596,-4715.20965718
1597,-4718.03615727
1598,-4720.55079943
1599,-4721.97581801
1600,-4720.94626946
1601,-4717.97433364
1602,-4713.61850977
1603,-4708.75808358
1604,-4703.87858583
1605,-4696.88225751
1606,-4688.93316648
1607,-4681.36684969
1608,-4675.51286833
1609,-4670.38029083
1610,-4665.1359289
1611,-4660.39502112
1612,-4657.50120996
1613,-4657.68453465
1614,-4660.16312711
1615,-4663.70863296
1616,-4666.90405803
1617,-4668.56907789
1618,-4668.41267851
1619,-4667.14294734
1620,-4665.8411053
1621,-4665.57508153
1622,-4667.06306737
1623,-4670.38673841
1624,-4675.26255679
1625,-4680.8230063
1626,-4686.26512344
1627,-4691.60581045
1628,-4696.82168853
1629,-4701.95460063
1630,-4706.56874685
1631,-4710.33402689
1632,-4713.01488218
1633,-4715.12155746
1634,-4717.4589016
1635,-4719.84724454
1636,-4721.54742157
1637,-4721.54780845
1638,-4719.01550912
1639,-4713.42217169
1640,-4706.91404297
1641,-4701.67565037
1642,-4698.42064537
1643,-4696.42418484
1644,-4693.61115695
1645,-4688.66698119
1646,-4681.34495277
1647,-4672.4139064
1648,-4663.34402012
1649,-4655.3145719
1650,-4648.68500255
1651,-4643.45093833
1652,-4639.3661316
1653,-4635.9207159
1654,-4632.34038845
1655,-4629.10981439
1656,-4626.46186368
1657,-4624.23099896
1658,-4620.87790312
1659,-4615.64055675
1660,-4610.03679732
1661,-4604.70229533
1662,-4599.32807312
1663,-4593.60036773
1664,-4587.83780714
1665,-4583.08592821
1666,-4579.93908977
1667,-4578.4791372
1668,-4579.14497217
1669,-4583.75793059
1670,-4591.93653495
1671,-4601.23648581
1672,-4609.73790495
1673,-4618.7221927
1674,-4633.42292489
1675,-4652.54414403
1676,-4669.15812117
1677,-4676.89999001
1678,-4674.82299534
1679,-4667.62611222
1680,-4658.75917362
1681,-4647.10408322
1682,-4634.2719583
1683,-4623.04044677
1684,-4616.82607728
1685,-4615.60971593
1686,-4617.95402837
1687,-4622.63883484
1688,-4628.5952165
1689,-4637.2421125
1690,-4649.73192174
1691,-4663.88605878
1692,-4677.22950483
1693,-4687.68857401
1694,-4697.18042062
1695,-4705.69705352
1696,-4712.20884663
1697,-4715.25319628
1698,-4713.87789005
1699,-4709.53059644
1700,-4704.02214735
1701,-4698.58076365
1702,-4693.06045319
1703,-4685.3461877
1704,-4677.08861419
1705,-4670.25354686
1706,-4665.62653313
1707,-4661.92731574
1708,-4657.82237513
1709,-4652.83994633
1710,-4647.79685888
1711,-4644.01246408
1712,-4642.51182867
1713,-4643.23220551
1714,-4644.63552072
1715,-4645.52291011
1716,-4646.91675174
1717,-4649.05948654
1718,-4651.40150773
1719,-4653.21603736
1720,-4653.26564539
1721,-4650.72415872
1722,-4645.64071823
1723,-4638.34357448
1724,-4629.62470297
1725,-4619.72575301
1726,-4609.38460506
1727,-4599.50775173
1728,-4590.73687793
1729,-4583.42930881
1730,-4577.72385456
1731,-4573.65125627
1732,-4570.7075775
1733,-4568.2618188
1734,-4566.22162566
1735,-4563.91011472
1736,-4561.11284475
1737,-4558.21898346
1738,-4555.74775334
1739,-4553.72877382
1740,-4551.93500788
1741,-4550.24314356
1742,-4548.60560192
1743,-4547.65662492
1744,-4548.60970823
1745,-4552.47886824
1746,-4556.42615792
1747,-4556.53813974
1748,-4550.78405493
1749,-4539.79455169
1750,-4526.13716667
1751,-4512.17499619
1752,-4499.87159576
1753,-4490.65636402
1754,-4484.38930811
1755,-4479.62594155
1756,-4476.08739314
1757,-4475.17963425
1758,-4476.4226751
1759,-4477.82029074
1760,-4478.94882101
1761,-4479.68095699
1762,-4480.23397182
1763,-4480.81476049
1764,-4481.21432163
1765,-4481.41714517
1766,-4481.87837373
1767,-4482.94881455
1768,-4484.94162031
1769,-4487.89407766
1770,-4491.55876667
1771,-4495.58373609
1772,-4499.46255242
1773,-4503.00319593
1774,-4505.90728065
1775,-4508.17841206
1776,-4509.84345364
1777,-4511.21712741
1778,-4512.60663345
1779,-4513.75113699
1780,-4514.3720711
1781,-4514.27524482
1782,-4513.80762684
1783,-4512.27267833
1784,-4508.78582416
1785,-4501.69948566
1786,-4493.23414101
1787,-4488.35041299
1788,-4488.68091466
1789,-4491.95268098
1790,-4494.33645481
1791,-4495.26937492
1792,-4496.67098747
1793,-4500.41917262
1794,-4507.26706738
1795,-4517.5844014
1796,-4531.66580269
1797,-4544.90852174
1798,-4553.03525644
1799,-4553.13584338
1800,-4543.77883146
1801,-4527.59253066
1802,-4510.56564288
1803,-4497.57264613
1804,-4491.57692564
1805,-4492.12023252
1806,-4494.71173276
1807,-4496.85885227
1808,-4498.10348714
1809,-4496.98470831
1810,-4493.43807433
1811,-4487.41289812
1812,-4479.52868154
1813,-4471.30601294
1814,-4465.13355236
1815,-4461.99029302
1816,-4461.03600411
1817,-4462.39628077
1818,-4465.89642829
1819,-4470.93809922
1820,-4476.56723175
1821,-4483.33830138
1822,-4490.69262973
1823,-4497.75503174
1824,-4503.93451291
1825,-4508.95163767
1826,-4513.14824807
1827,-4516.28843262
1828,-4518.35444484
1829,-4519.93655215
1830,-4521.75684675
1831,-4522.87900789
1832,-4522.609332
1833,-4521.07862122
1834,-4519.90516874
1835,-4519.32211156
1836,-4517.58179507
1837,-4513.13512049
1838,-4506.50201238
1839,-4499.29614768
1840,-4492.7289381
1841,-4487.72653507
1842,-4484.21144851
1843,-4481.74036168
1844,-4480.37063542
1845,-4479.50076615
1846,-4478.46445212
1847,-4477.30398996
1848,-4476.76131117
1849,-4477.42232289
1850,-4479.20499522
1851,-4481.62022904
1852,-4484.36394881
1853,-4487.44183956
1854,-4491.00731944
1855,-4495.26001623
1856,-4500.05051734
1857,-4504.76474183
1858,-4508.94173559
1859,-4512.46414857
1860,-4516.20560148
1861,-4519.97353196
1862,-4522.80981044
1863,-4524.28409471
1864,-4524.73692873
1865,-4525.05025219
1866,-4525.5586455
1867,-4526.1147901
1868,-4526.29574812
1869,-4525.82840936
1870,-4525.44644376
1871,-4526.49283779
1872,-4530.31717935
1873,-4535.77919738
1874,-4540.94400671
1875,-4544.3564515
1876,-4545.40795257
1877,-4544.16074686
1878,-4542.07505613
1879,-4540.3829008
1880,-4539.11704454
1881,-4537.53621782
1882,-4536.44695381
1883,-4538.33522338
1884,-4543.77853943
1885,-4550.54499028
1886,-4555.92787733
1887,-4557.95829158
1888,-4556.31138928
1889,-4551.81560466
1890,-4545.80718235
1891,-4540.59645877
1892,-4537.965282
1893,-4538.80464067
1894,-4542.07617028
1895,-4545.40623793
1896,-4546.89376207
1897,-4545.40695442
1898,-4541.32336658
1899,-4535.53648379
1900,-4529.65581416
1901,-4524.89266218
1902,-4521.9711595
1903,-4522.8335851
1904,-4528.73207046
1905,-4537.86101169
1906,-4545.81950092
1907,-4548.24858413
1908,-4547.02523765
1909,-4548.02355086
1910,-4553.94726536
1911,-4563.98056561
1912,-4575.95654473
1913,-4586.43821436
1914,-4594.34433062
1915,-4600.43851118
1916,-4608.35784463
1917,-4620.71633665
1918,-4636.93730493
1919,-4655.35809207
1920,-4675.59121833
1921,-4696.79445573
1922,-4717.12568098
1923,-4735.03815735
1924,-4749.41995102
1925,-4759.6939755
1926,-4765.58449853
1927,-4767.27217083
1928,-4764.77660126
1929,-4757.18383776
1930,-4745.26950546
1931,-4730.33839754
1932,-4713.78182744
1933,-4694.88404159
1934,-4674.26252081
1935,-4653.44030355
1936,-4634.54449688
1937,-4619.06057262
1938,-4606.33936868
1939,-4594.68222909
1940,-4583.74396344
1941,-4574.95467693
1942,-4569.70027331
1943,-4567.51992616
1944,-4566.6330344
1945,-4567.1871079
1946,-4570.54023028
1947,-4576.8203955
1948,-4585.86205394
1949,-4596.73072012
1950,-4609.11718293
1951,-4622.20668659
1952,-4635.4335598
1953,-4648.67175471
1954,-4662.79815709
1955,-4676.7075718
1956,-4688.72249265
1957,-4697.84685451
1958,-4704.12904044
1959,-4707.6440945
1960,-4707.2919833
1961,-4703.06433693
1962,-4696.59003952
1963,-4689.60459323
1964,-4682.6682447
1965,-4675.85667265
1966,-4669.67093118
1967,-4665.37146994
1968,-4661.45950212
1969,-4654.60371854
1970,-4641.86245144
1971,-4624.48298726
1972,-4604.72313586
1973,-4586.18532402
1974,-4572.24201264
1975,-4560.36857488
1976,-4549.96536304
1977,-4542.42282826
1978,-4539.33299616
1979,-4541.28645884
1980,-4546.24769802
1981,-4552.62585804
1982,-4559.98396892
1983,-4569.95864327
1984,-4584.2570485
1985,-4598.15351574
1986,-4607.82680241
1987,-4612.08523018
1988,-4614.84083254
1989,-4617.63495358
1990,-4617.96678915
1991,-4613.42282869
1992,-4601.86326328
1993,-4585.18623608
1994,-4569.44445425
1995,-4561.01707138
1996,-4560.12331097
1997,-4560.77659899
1998,-4559.78888363
1999,-4558.72870583
2000,-4561.57419545
2001,-4569.07209227
2002,-4580.30755771
2003,-4594.08986004
2004,-4609.89215716
2005,-4627.9334244
2006,-4648.67717005
2007,-4671.56740989
2008,-4696.00990646
2009,-4721.82404869
2010,-4747.14398738
2011,-4771.40938838
2012,-4793.64376787
2013,-4814.59906736
2014,-4834.38236927
2015,-4852.10722805
2016,-4865.74256799
2017,-4877.1912548
2018,-4888.68252185
2019,-4899.35795488
2020,-4908.00369351
2021,-4911.69497896
2022,-4910.4643549
2023,-4902.87922998
2024,-4888.85960281
2025,-4869.95344726
2026,-4847.66696921
2027,-4823.67604106
2028,-4800.64427889
2029,-4780.82559947
2030,-4762.62866133
2031,-4747.5432157
2032,-4738.17391747
2033,-4734.04284682
2034,-4731.75488574
2035,-4728.98564544
2036,-4725.7769632
2037,-4724.59186056
2038,-4725.13359234
2039,-4726.73677623
2040,-4729.45259163
2041,-4732.5274724
2042,-4735.43560341
2043,-4739.8776479
2044,-4742.79149261
2045,-4739.91341776
2046,-4727.63784718
2047,-4705.03535413
2048,-4672.0103471
2049,-4631.61306011
2050,-4588.52201231
2051,-4544.592803
2052,-4502.10526067
2053,-4462.17093805
2054,-4425.36256003
2055,-4389.41969373
2056,-4356.00469705
2057,-4327.94211721
2058,-4307.21852605
2059,-4293.39363241
2060,-4286.57825017
2061,-4288.03716095
2062,-4298.83397027
2063,-4319.20152252
2064,-4345.57417027
2064.95468372,-4372.326214
